"0","  #transforms ggplot line graph into interactive line graph"
"0","  ggplotly(lineGraphed, tooltip = ""all"", dynamicTicks = TRUE)%>%"
"0","    #Since the layout() function only has a title (and not subtitle) argument, we have to use some HTML to format our text to get it just right."
"0","    layout(title = paste("
"0","      '<b>Tweets Per Hour</b>',"
"0","      '<br><sup>',"
"0","      paste0(format(min(tweets.df$created_at), ""%d %B %Y""), "" to "", format(max(tweets.df$created_at),""%d %B %Y"")),"
"0","      '</i><br>',"
"0","      '</sup>'"
"0","    ),"
"0","  margin = list(t = 75)"
"0","  )"
"2","`geom_smooth()` using formula 'y ~ x'
"
