{"chunk_definitions":[{"row":21,"row_count":1,"visible":true,"expansion_state":0,"options":{"engine":"r","label":"setup","include":false},"document_id":"889FF40E","chunk_id":"csetup_chunk","chunk_label":"unnamed-chunk-1"},{"row":34,"row_count":1,"visible":true,"expansion_state":0,"options":{"engine":"r","fig.width":5,"fig.height":5,"label":"unnamed-chunk-1"},"document_id":"889FF40E","chunk_id":"coz2soq4uf4cj","chunk_label":"unnamed-chunk-1"},{"row":46,"row_count":1,"visible":true,"expansion_state":0,"options":{"engine":"r","fig.width":5,"fig.height":5,"label":"unnamed-chunk-2"},"document_id":"889FF40E","chunk_id":"c6ax58f286y44","chunk_label":"unnamed-chunk-2"},{"row":52,"row_count":1,"visible":true,"expansion_state":0,"options":{"engine":"r","fig.width":5,"fig.height":5,"label":"unnamed-chunk-3"},"document_id":"889FF40E","chunk_id":"ca63jc1x4hvez","chunk_label":"unnamed-chunk-3"},{"row":59,"row_count":1,"visible":true,"expansion_state":0,"options":{"engine":"r","fig.width":5,"fig.height":5,"label":"unnamed-chunk-4"},"document_id":"889FF40E","chunk_id":"c58hykfi46bfj","chunk_label":"unnamed-chunk-4"},{"row":65,"row_count":1,"visible":true,"expansion_state":0,"options":{"engine":"r","fig.width":5,"fig.height":5,"label":"unnamed-chunk-5"},"document_id":"889FF40E","chunk_id":"caj74p0a2sh5x","chunk_label":"unnamed-chunk-5"},{"row":71,"row_count":1,"visible":true,"expansion_state":0,"options":{"engine":"r","fig.width":5,"fig.height":5,"label":"unnamed-chunk-6"},"document_id":"889FF40E","chunk_id":"cc7hnd4fv5v2z","chunk_label":"unnamed-chunk-6"},{"row":78,"row_count":1,"visible":true,"expansion_state":0,"options":{"engine":"r","fig.width":5,"fig.height":5,"label":"unnamed-chunk-7"},"document_id":"889FF40E","chunk_id":"c54hwhbvqnopw","chunk_label":"unnamed-chunk-7"}],"doc_write_time":1668228590,"chunk_rendered_width":700,"working_dir":null,"default_chunk_options":{}}