{"chunk_definitions":[{"row":16,"row_count":1,"visible":true,"expansion_state":0,"options":{"engine":"r","label":"setup","include":false},"document_id":"889FF40E","chunk_id":"csetup_chunk","chunk_label":"setup"},{"row":35,"row_count":1,"visible":true,"expansion_state":0,"options":{},"document_id":"889FF40E","chunk_id":"cbkshdqdo21aa","chunk_label":"unnamed-chunk-1"},{"row":45,"row_count":1,"visible":true,"expansion_state":0,"options":{"engine":"r","fig.width":5,"fig.height":5,"label":"unnamed-chunk-40"},"document_id":"889FF40E","chunk_id":"c6ax58f286y44","chunk_label":"unnamed-chunk-2"},{"row":51,"row_count":1,"visible":true,"expansion_state":0,"options":{"engine":"r","fig.width":5,"fig.height":5,"label":"unnamed-chunk-41"},"document_id":"889FF40E","chunk_id":"ca63jc1x4hvez","chunk_label":"unnamed-chunk-3"},{"row":58,"row_count":1,"visible":true,"expansion_state":0,"options":{"engine":"r","fig.width":5,"fig.height":5,"label":"unnamed-chunk-42"},"document_id":"889FF40E","chunk_id":"c58hykfi46bfj","chunk_label":"unnamed-chunk-4"},{"row":64,"row_count":1,"visible":true,"expansion_state":0,"options":{"engine":"r","fig.width":5,"fig.height":5,"label":"unnamed-chunk-43"},"document_id":"889FF40E","chunk_id":"caj74p0a2sh5x","chunk_label":"unnamed-chunk-5"},{"row":70,"row_count":1,"visible":true,"expansion_state":0,"options":{"engine":"r","fig.width":5,"fig.height":5,"label":"unnamed-chunk-44"},"document_id":"889FF40E","chunk_id":"cc7hnd4fv5v2z","chunk_label":"unnamed-chunk-6"},{"row":77,"row_count":1,"visible":true,"expansion_state":0,"options":{"engine":"r","fig.width":5,"fig.height":5,"label":"unnamed-chunk-45"},"document_id":"889FF40E","chunk_id":"c54hwhbvqnopw","chunk_label":"unnamed-chunk-7"}],"doc_write_time":1668225826,"working_dir":null,"default_chunk_options":{}}