{"chunk_definitions":[{"row":17,"row_count":1,"visible":true,"expansion_state":0,"options":{"engine":"r","label":"setup","include":false},"document_id":"889FF40E","chunk_id":"csetup_chunk","chunk_label":"setup"},{"row":41,"row_count":1,"visible":true,"expansion_state":0,"options":{},"document_id":"889FF40E","chunk_id":"ca7wqczt3tgta","chunk_label":"unnamed-chunk-1"},{"row":56,"row_count":1,"visible":true,"expansion_state":0,"options":{},"document_id":"889FF40E","chunk_id":"chrjre0tdlclr","chunk_label":"unnamed-chunk-2"},{"row":62,"row_count":1,"visible":true,"expansion_state":0,"options":{},"document_id":"889FF40E","chunk_id":"czyop54vucbg6","chunk_label":"unnamed-chunk-3"},{"row":69,"row_count":1,"visible":true,"expansion_state":0,"options":{},"document_id":"889FF40E","chunk_id":"c5xl8vnq4l4tt","chunk_label":"unnamed-chunk-4"},{"row":75,"row_count":1,"visible":true,"expansion_state":0,"options":{},"document_id":"889FF40E","chunk_id":"cweld8nm7qvqb","chunk_label":"unnamed-chunk-5"},{"row":81,"row_count":1,"visible":true,"expansion_state":0,"options":{},"document_id":"889FF40E","chunk_id":"cfd0ampt1wsoy","chunk_label":"unnamed-chunk-6"},{"row":88,"row_count":1,"visible":true,"expansion_state":0,"options":{},"document_id":"889FF40E","chunk_id":"cqc1fuwl6aszs","chunk_label":"unnamed-chunk-7"}],"doc_write_time":1668229715,"working_dir":null,"default_chunk_options":{}}