{"chunk_definitions":[{"row":50,"row_count":1,"visible":true,"expansion_state":0,"options":{"engine":"r","fig.width":5,"fig.height":5,"label":"unnamed-chunk-1"},"document_id":"889FF40E","chunk_id":"cxqery1d306zt","chunk_label":"unnamed-chunk-1"},{"row":58,"row_count":1,"visible":true,"expansion_state":0,"options":{"engine":"r","fig.width":5,"fig.height":5,"label":"unnamed-chunk-2"},"document_id":"889FF40E","chunk_id":"ckglqb80c4c3f","chunk_label":"unnamed-chunk-2"},{"row":65,"row_count":1,"visible":true,"expansion_state":0,"options":{"engine":"r","fig.width":5,"fig.height":5,"label":"unnamed-chunk-3"},"document_id":"889FF40E","chunk_id":"c99ex2jamqe4s","chunk_label":"unnamed-chunk-3"},{"row":74,"row_count":1,"visible":true,"expansion_state":0,"options":{"engine":"r","fig.width":5,"fig.height":5,"label":"unnamed-chunk-4"},"document_id":"889FF40E","chunk_id":"ch2ipmf2b9nyh","chunk_label":"unnamed-chunk-4"},{"row":80,"row_count":1,"visible":true,"expansion_state":0,"options":{"engine":"r","fig.width":5,"fig.height":5,"label":"unnamed-chunk-5"},"document_id":"889FF40E","chunk_id":"cq8quewb5527q","chunk_label":"unnamed-chunk-5"},{"row":86,"row_count":1,"visible":true,"expansion_state":0,"options":{"engine":"r","fig.width":5,"fig.height":5,"label":"unnamed-chunk-6"},"document_id":"889FF40E","chunk_id":"ctmnzuoxq4oqf","chunk_label":"unnamed-chunk-6"},{"row":93,"row_count":1,"visible":true,"expansion_state":0,"options":{"engine":"r","fig.width":5,"fig.height":5,"label":"unnamed-chunk-7"},"document_id":"889FF40E","chunk_id":"cpqtdkjxz0oe2","chunk_label":"unnamed-chunk-7"}],"doc_write_time":1668298065,"working_dir":null,"default_chunk_options":{}}